,brand,name,price,rating,rating_count,product_type,skin_type,properties,SPF
0,Bielenda Professional SUPREMELAB,Satin Protective Face Cream SPF 50 Satynowy krem ochronny SPF 50,70.09,4,74,krem,"normalna, sucha, z przebarwieniami","nawilżające, ochronne, regenerujące",50
1,Cosrx,Aloe Soothing Sun Cream SPF50+ PA+++ Nawilżający krem przeciwsłoneczny,59.99,4.4,128,krem,"normalna, wrażliwa","nawilżające, ochronne, łagodzące",50
2,Nacomi,"Next Lvl, Golden Rays, Basic Formula Cream SPF 50+ Wodoodporny krem z filtrem SPF 50+",25.13,3.4,79,krem,normalna,"ochronne, nawilżające",50
3,SKIN79,Waterproof Sun Gel SPF50+ PA+++ Wodoodporny żel spf 50,67.0,4.5,306,żel,z przebarwieniami,"nawilżające, ochronne, przeciwzmarszczkowe",50
4,Garnier,"Ambre Solaire, Sensitive Advanced Face UV Cream SPF 50+ Krem ochronny do twarzy",,4.6,64,krem,"normalna, sucha","nawilżające, ochronne",50
5,Nacomi,"Next Lvl, Golden Rays, City Formula Cream SPF 50+ Wodoodporny krem z filtrem SPF 50+",22.99,2.8,125,krem,normalna,"ochronne, nawilżające",50
6,Nivea,"Sun, Alpin Face Sunscreen SPF 50 Ochronny krem na zimę",73.99,4.8,162,krem,"normalna, sucha","nawilżające, ochronne",50
7,CeraVe,Facial Moisturising Lotion Nawilżający Krem do Twarzy SPF 50,60.55,4.6,218,krem,,"ochronne, nawilżające",50
8,Nivea,Cellular Luminous 630 przeciw przebarwieniom Krem ​​na dzień SPF 50,67.04,4.6,208,krem,"normalna, wrażliwa, tłusta, z przebarwieniami","nawilżające, ochronne, łagodzące",50
9,Vichy,"Capital Soleil, Fluid UV Age SPF 50 Fluid przeciw fotostarzeniu się skóry",110.88,4.7,109,krem,"normalna, sucha, tłusta, alergiczna, wrażliwa, z przebarwieniami","ochronne, regenerujące, przeciwzmarszczkowe",50
10,Holika Holika,Aloe Soothing Essence New Formula SPF 50+/PA ++++ Waterproof Sun Cream Wodoodporny krem przeciwsłoneczny do twarzy SPF50 PA++++ (nowa wersja),,4.5,399,krem,"normalna, sucha, tłusta","nawilżające, ochronne, łagodzące, regenerujące",50
11,Revox,Just Daily Sun Shield SPF 50 Krem przeciwsłoneczny do twarzy SPF 50,,4.3,259,krem,normalna,"ochronne, nawilżające",50
12,myBuddy,Krem do twarzy z filtrem SPF 50 UVA+UVB ,39.9,4.7,74,krem,normalna,"ochronne, nawilżające",50
13,Iwostin,"Solecrin, Ultra lekki niewidoczny fluid SPF 50+ ",53.99,4.5,162,krem,"normalna, z przebarwieniami",ochronne,50
14,Eau Thermale Avène,Bardzo wysoka ochrona Krem SPF 50+ ,90.99,4.8,129,krem,"normalna, wrażliwa, sucha","nawilżające, ochronne",50
15,Derma,"Sun, Balsam słoneczny SPF 50 ",69.9,4.8,105,krem,"normalna, wrażliwa, sucha, alergiczna, atopowa","ochronne, nawilżające",50
16,Lirene Dermoprogram,Nawilżający ochronny krem do twarzy IR COMPLEX SPF 50 ,26.99,4.3,153,krem,"normalna, wrażliwa, sucha, alergiczna",ochronne,50
17,Eau Thermale Avène,Comfort Cream SPF 50+ Krem przeciwsłoneczny SPF 50+ bardzo wysoka ochrona,,4.7,109,krem,"normalna, wrażliwa",ochronne,50
18,Bielenda Professional,"Face Program, Protective face Cream Boswellia Serrata SPF 50 Krem ochronny do twarzy wysoka ochrona UVA i UVB",58.99,4.2,49,krem,"normalna, wrażliwa, tłusta","nawilżające, ochronne",50
19,Vichy,"Ideal Soleil, Emulsion Anti-brillance Toucher Sec SPF 50 [Mattifying Face Fluid Dry Touch] Matująca emulsja do twarzy SPF 50",57.99,4.2,78,krem,"wrażliwa, tłusta, alergiczna, z przebarwieniami","nawilżające, matujące, ochronne",50
20,Dermomedica,Antioxidant Mineral Cream SPF 30 Przeciwstarzeniowy mineralny krem SPF 30,79.0,4.3,9,krem,"normalna, trądzikowa, z przebarwieniami",ochronne,30
21,Nivea,"Sun, Protect & Refresh Invisible Cooling Mist SPF 20 Niewidzialna chłodząca mgiełka do opalania SPF 20",,4.8,4,krem,,ochronne,20
22,Alexander McQueen,Daily Sun Cream SPF50+ PA+++ 50g (Natural make-up base) Krem UV - naturalna baza pod makijaż SPF50+ PA+++,,4.2,5,krem,normalna,"ochronne, przeciwzmarszczkowe",50
23,Shiseido,Anessa Perfect UV Sunscreen SPF 50+ PA+++ ,,4.3,13,krem,,"ochronne, nawilżające, matujące",50
24,Bielenda Professional SUPREMELAB,Satin Protective Face Cream SPF 50 Satynowy krem ochronny SPF 50,70.09,4,74,krem,"normalna, sucha, z przebarwieniami","nawilżające, ochronne, regenerujące",50
25,Cosrx,Aloe Soothing Sun Cream SPF50+ PA+++ Nawilżający krem przeciwsłoneczny,59.99,4.4,128,krem,"normalna, wrażliwa","nawilżające, ochronne, łagodzące",50
26,Nacomi,"Next Lvl, Golden Rays, Basic Formula Cream SPF 50+ Wodoodporny krem z filtrem SPF 50+",25.13,3.4,79,krem,normalna,"ochronne, nawilżające",50
27,SKIN79,Waterproof Sun Gel SPF50+ PA+++ Wodoodporny żel spf 50,67.0,4.5,306,żel,z przebarwieniami,"nawilżające, ochronne, przeciwzmarszczkowe",50
28,Garnier,"Ambre Solaire, Sensitive Advanced Face UV Cream SPF 50+ Krem ochronny do twarzy",,4.6,64,krem,"normalna, sucha","nawilżające, ochronne",50
29,Nacomi,"Next Lvl, Golden Rays, City Formula Cream SPF 50+ Wodoodporny krem z filtrem SPF 50+",22.99,2.8,125,krem,normalna,"ochronne, nawilżające",50
30,Nivea,"Sun, Alpin Face Sunscreen SPF 50 Ochronny krem na zimę",73.99,4.8,162,krem,"normalna, sucha","nawilżające, ochronne",50
31,CeraVe,Facial Moisturising Lotion Nawilżający Krem do Twarzy SPF 50,60.55,4.6,218,krem,,"ochronne, nawilżające",50
32,Nivea,Cellular Luminous 630 przeciw przebarwieniom Krem ​​na dzień SPF 50,67.04,4.6,208,krem,"normalna, wrażliwa, tłusta, z przebarwieniami","nawilżające, ochronne, łagodzące",50
33,Vichy,"Capital Soleil, Fluid UV Age SPF 50 Fluid przeciw fotostarzeniu się skóry",110.88,4.7,109,krem,"normalna, sucha, tłusta, alergiczna, wrażliwa, z przebarwieniami","ochronne, regenerujące, przeciwzmarszczkowe",50
34,Holika Holika,Aloe Soothing Essence New Formula SPF 50+/PA ++++ Waterproof Sun Cream Wodoodporny krem przeciwsłoneczny do twarzy SPF50 PA++++ (nowa wersja),,4.5,399,krem,"normalna, sucha, tłusta","nawilżające, ochronne, łagodzące, regenerujące",50
35,Revox,Just Daily Sun Shield SPF 50 Krem przeciwsłoneczny do twarzy SPF 50,,4.3,259,krem,normalna,"ochronne, nawilżające",50
36,myBuddy,Krem do twarzy z filtrem SPF 50 UVA+UVB ,39.9,4.7,74,krem,normalna,"ochronne, nawilżające",50
37,Iwostin,"Solecrin, Ultra lekki niewidoczny fluid SPF 50+ ",53.99,4.5,162,krem,"normalna, z przebarwieniami",ochronne,50
38,Eau Thermale Avène,Bardzo wysoka ochrona Krem SPF 50+ ,90.99,4.8,129,krem,"normalna, wrażliwa, sucha","nawilżające, ochronne",50
39,Derma,"Sun, Balsam słoneczny SPF 50 ",69.9,4.8,105,krem,"normalna, wrażliwa, sucha, alergiczna, atopowa","ochronne, nawilżające",50
40,Lirene Dermoprogram,Nawilżający ochronny krem do twarzy IR COMPLEX SPF 50 ,26.99,4.3,153,krem,"normalna, wrażliwa, sucha, alergiczna",ochronne,50
41,Eau Thermale Avène,Comfort Cream SPF 50+ Krem przeciwsłoneczny SPF 50+ bardzo wysoka ochrona,,4.7,109,krem,"normalna, wrażliwa",ochronne,50
42,Bielenda Professional,"Face Program, Protective face Cream Boswellia Serrata SPF 50 Krem ochronny do twarzy wysoka ochrona UVA i UVB",58.99,4.2,49,krem,"normalna, wrażliwa, tłusta","nawilżające, ochronne",50
43,Vichy,"Ideal Soleil, Emulsion Anti-brillance Toucher Sec SPF 50 [Mattifying Face Fluid Dry Touch] Matująca emulsja do twarzy SPF 50",57.99,4.2,78,krem,"wrażliwa, tłusta, alergiczna, z przebarwieniami","nawilżające, matujące, ochronne",50
44,Dermomedica,Antioxidant Mineral Cream SPF 30 Przeciwstarzeniowy mineralny krem SPF 30,79.0,4.3,9,krem,"normalna, trądzikowa, z przebarwieniami",ochronne,30
45,Nivea,"Sun, Protect & Refresh Invisible Cooling Mist SPF 20 Niewidzialna chłodząca mgiełka do opalania SPF 20",,4.8,4,krem,,ochronne,20
46,Alexander McQueen,Daily Sun Cream SPF50+ PA+++ 50g (Natural make-up base) Krem UV - naturalna baza pod makijaż SPF50+ PA+++,,4.2,5,krem,normalna,"ochronne, przeciwzmarszczkowe",50
47,Shiseido,Anessa Perfect UV Sunscreen SPF 50+ PA+++ ,,4.3,13,krem,,"ochronne, nawilżające, matujące",50
48,Senelle,Lekki ochronny krem z pigmentem SPF50+ ,129.0,4.3,62,krem,"normalna, z przebarwieniami","ochronne, nawilżające",50
49,La Roche-Posay,Anthelios XL Gel-Creme Toucher Sec Anti-brillance SPF 50+ PPD 31 [Dry Touch Gel-Cream Anti-Shine] Żel-krem z filtrem do twarzy suchy w dotyku,88.99,3.8,75,krem,"normalna, tłusta, z przebarwieniami","nawilżające, matujące, ochronne",50
50,Hawaiian Tropic,Sheer Touch Lotion Sunscreen SPF 50 Balsam do opalania z SPF 50,,5,9,krem,,"ochronne, nawilżające",50
51,SKIN79,Waterproof Moist Cool Sun Stick UV SPF50+ PA++++ Ochronny sztyft nawilżająco-chłodzący,,4.8,8,,normalna,"ochronne, odżywcze, nawilżające",50
52,Christian Dior,"Bronze Protection Solaire, Protective Sun Creme SPF 15 Krem słoneczny o średniej ochronie",,4.5,2,krem,,ochronne,15
53,La Mer,The SPF 50 UV Protecting Fluid Fluid do twarzy SPF 50,,5,1,krem,"normalna, wrażliwa, sucha","nawilżające, ochronne, odżywcze",50
54,Bioregena,Baume Solaire Visage SPF 50+ Przeciwsłoneczny krem-balsam do twarzy,,4,6,krem,"normalna, wrażliwa, sucha, alergiczna",ochronne,50
55,Derma,"Sun, Face Screen SPF 30 Krem słoneczny do twarzy SPF 30",51.45,4.4,11,,"normalna, wrażliwa, alergiczna, atopowa","nawilżające, ochronne, odżywcze",30
56,Bioderma,Photoderm AKN Mat Krem do skóry z tendencją do przebarwień SPF 30+ ,69.99,4.3,61,krem,"normalna, wrażliwa, tłusta","nawilżające, matujące, ochronne",30
57,Kolastyna,Matujący krem ochronny do twarzy na słońce  SPF 30 ,,4.8,6,krem,"normalna, tłusta","matujące, nawilżające",30
58,Eucerin,Sun Fluid Photoaging Control SPF 50 Ochronna emulsja przeciwzmarszczkowa SPF 50,90.49,4.8,6,krem,"wrażliwa, sucha, tłusta","nawilżające, ochronne, łagodzące, regenerujące",50
59,The Saem,Jeju Fresh Sun Gel SPF50+ Krem-żel przeciwsłoneczny SPF50+,39.99,4.5,46,krem,"normalna, wrażliwa, sucha","nawilżające, ochronne, łagodzące",50
60,Cell Fusion C,Cure Sunscreen 100 SPF 50+ PA++++ Krem z filtrem,,5,5,krem,normalna,ochronne,50
61,Ekseption,"All Day Shield, Day Cream SPF 50+ Krem na dzień",,5,2,krem,normalna,"nawilżające, ochronne",50
62,Apivita,"Suncare, Sunscreen Face & Body Milk SPF 50 Mleczko ochronne SPF 50",,5,1,krem,"normalna, wrażliwa, sucha, alergiczna","nawilżające, ochronne",50
63,Avon,"Sun +, Moisturizing Face Cream SPF 30 Wodoodporny krem nawilżająco-ochronny do twarzy SPF 30 z technologią Derma 360°",,4.3,15,krem,,"nawilżające, ochronne, regenerujące",30
64,La Roche-Posay,"Anthelios XL, Anti-brillance, Brume Fraiche Invisible [Invisible Fresh Mist]  SPF 50 Lekka niewodoczna mgiełka do twarzy",66.3,4.4,69,krem,"normalna, wrażliwa, z przebarwieniami",ochronne,50
65,Floslek,"Sun Care, Ochronny krem tonujący SPF 50+ wodoodporny skóra sucha i wrażliwa ",,4.4,5,krem,"wrażliwa, sucha, z przebarwieniami","ochronne, nawilżające",50
66,Synchroline,"Sunwards Face, Face - Neck Cream SPF 30 Krem do twarzy z filtrem SPF 30",,5,2,krem,normalna,"nawilżające, ochronne, przeciwzmarszczkowe",30
67,Lioele,Fresh Sun Screen SPF45/PA++ Emulsja ochronna SPF45,,4.8,4,krem,normalna,"nawilżające, ochronne",45
68,La Roche-Posay,Anthelios XL Ultra-leger Fluide SPF 50+ PPD 42  [Ultra-light Fluid] Ultra lekki fluid do twarzy - bardzo wysoka ochrona,59.89,4.5,110,krem,"normalna, wrażliwa, sucha, alergiczna, z przebarwieniami",ochronne,50
69,Mustela,High Protection Sun Stick SPF 50 Sztyft przeciwsłoneczny,44.99,4,6,,"normalna, wrażliwa, sucha, atopowa",ochronne,50
70,Dermomedica,Peptide Mineral Cream SPF 50 Peptydowy aktywny krem do twarzy z wysoką ochroną mineralną SPF 50,,3.8,6,krem,"normalna, z przebarwieniami",ochronne,50
71,Le Cafe de Beaute,"Kafe Krasoty, Krem do opalania SPF 50 ",,5,6,krem,"normalna, sucha, tłusta","nawilżające, ochronne, regenerujące",50
72,Riemann A/S,"P20, Once a Day Sun Protection SPF 50 Preparat ochronny z filtrem",,5,3,krem,"normalna, wrażliwa, sucha","nawilżające, ochronne",50
73,Dr. G,Brightening Up Sun SPF 50 + PA +++ Tonujący krem zapewniający wysoką ochronę przeciwsłoneczną,,4.5,2,krem,"normalna, z przebarwieniami","nawilżające, ochronne",50
74,Samarité,Divine Skin Perfector  SPF 50 Krem upiększająco-ochronny SPF 50 do twarzy i pod oczy,,4.4,130,krem,normalna,"ochronne, nawilżające",50
75,It's Skin,"Smart Solution 365, Silky Sun Block Krem przeciwsłoneczny do twarzy ze stabilnym filtrem UV",,4.3,3,krem,"normalna, z przebarwieniami","nawilżające, ochronne",
76,Skinbetter Science,SunBetter Tone Smart SPF 50+ Sunscreen Compact Filtr 100% mineralny w musie,,,,krem,normalna,"ochronne, nawilżające, matujące",50
77,Benton,Mineral Sun Cream SPF50+/PA++++ Mineralny krem UV,,4.1,15,krem,normalna,"ochronne, odżywcze, nawilżające",50
78,Eau Thermale Avène,"Fluide SPF 50+ Fluid wodoodporny do skóry normalnej, mieszanej i wrażliwej",,5,2,krem,"normalna, wrażliwa","nawilżające, matujące, ochronne, łagodzące",50
79,La Roche-Posay,"Anthelios, Oil Correct SPF 50+ Matujący krem ochronny do twarzy",104.99,4,4,krem,"normalna, tłusta","nawilżające, matujące, ochronne",50
80,Oriflame,"Optimals, Multi-Protection UV Day Shield SPF 50 Krem ochronny na dzień",,4.5,2,krem,z przebarwieniami,"ochronne, nawilżające",50
81,Klairs,Midday Blue Sun Lotion SPF 40/PA++ Krem do twarzy z filtrem przeciwsłonecznym SPF 40/PA++,,4.5,4,krem,"normalna, sucha, tłusta","nawilżające, ochronne",40
82,Elizabeth Arden,"Eight Hour Cream, Sun Defense For Face SPF50 Ochronny krem na dzień",49.0,4.8,6,krem,,nawilżające,50
83,Swiss Pure,Sun Block Water Gel SPF50+/PA+++ Perfekcyjny nawilżający żel przeciwsłoneczny,,5,2,krem,normalna,"nawilżające, ochronne",50
84,Hyggee,Real Sun Cream SPF50+ PA++++ Krem przeciwsłoneczny,,5,2,krem,normalna,ochronne,50
85,AA,"Sun, Krem do twarzy ochronny UVA UVB /SPF 30 (wysoka ochrona) ",,5,2,krem,"alergiczna, wrażliwa","nawilżające, ochronne, regenerujące",30
86,Bioamare,Emulsja do opalania SPF30 ,,5,1,krem,"normalna, sucha, tłusta","matujące, ochronne, regenerujące, nawilżające",30
87,SingulaDerm,XpertSun Urban SPF 50+ Krem przeciwsłoneczny,,5,3,krem,normalna,ochronne,50
88,Missha,"All Around Safe Block, Aqua Sun Gel SPF50+/PA++++ Żelowy krem z filtrem przeciwsłonecznym",,4.8,24,żel,sucha,"nawilżające, ochronne",50
89,Filorga,"Sun Care,  UV-Bronze Face Anti-Ageing Sun Fluid SPF 50+ Krem przeciwzmarszczkowy do twarzy  z filtrem",,5,1,krem,"normalna, sucha, tłusta, z przebarwieniami","ochronne, przeciwzmarszczkowe",50
90,Missha,"Safe Block RX, Hyalron Soothing Sun SPF50 PA++++ Ochronny krem do twarzy",,4.5,2,krem,normalna,"ochronne, nawilżające",50
91,Decleor,Protective Anti Wrinkle Cream SPF 50 Ochronny krem przeciwzmarszczkowy,,5,1,krem,"normalna, sucha","ochronne, nawilżające",50
92,Supergoop,AcaiFusion Lip Balm SPF 30 Ochronny balsam do ust - średnia ochrona,,5,1,krem,,"nawilżające, ochronne, regenerujące, przeciwzmarszczkowe",30
93,Mimitika,Face Sunscreen SPF 50 Krem do twarzy z SPF 50,,5,1,krem,normalna,"ochronne, nawilżające",50
94,Sofina Jenne,Day Protector SPF 50+ PA+++ Nawilżający krem ochronny do twarzy,,5,1,krem,,"nawilżające, ochronne, regenerujące",50
95,SVR,"Sun Secure, Ecran Mineral Teinte SPF 50 Barwiący krem ochronny do skóry suchej i bardzo suchej",83.99,5,1,krem,"normalna, alergiczna, wrażliwa",ochronne,50
96,Ziaja,"Med, Matujący krem do twarzy SPF 50+ (stara wersja) ",26.85,3.6,130,krem,"tłusta, trądzikowa, z przebarwieniami",matujące,50
97,Isntree,Hyaluronic Acid Watery Sun Gel SPF50+/PA++++ Lekki krem ochronny do twarzy,89.0,4.7,6,,"normalna, wrażliwa, tłusta","nawilżające, ochronne, łagodzące, przeciwzmarszczkowe",50
98,Garnier,"Ambre Solaire, UV Water  Transparent Protecting Spray SPF 30 Spray ochronny o lekkiej formule",,4.5,4,płyn,normalna,"nawilżające, ochronne",30
99,Cosrx,All Green Comfort Sun SPF 50+/PA+++ Krem przeciwsłoneczny,,5,2,krem,normalna,"ochronne, nawilżające",50
100,Institut Esthederm,"Sun Intolerance Krem ochronny do twarzy ,dla skóry nietolerującej słońca",,5,1,krem,"sucha, wrażliwa","ochronne, łagodzące",
101,Bioteq,Sun Protector SPF 50 Stick Sztyft ochronny z SPF 50,,5,1,krem,"normalna, wrażliwa, tłusta",ochronne,50
102,Anne Möller,Age Sun Resist Protective Face Cream SPF 50 Przeciwsłoneczny  krem do twarzy,,5,1,krem,normalna,ochronne,50
103,Floslek,"Dermo Expert, Fotoprotektor,  Krem na dzień SPF 30 ",,4.6,8,krem,"normalna, wrażliwa, sucha, z przebarwieniami","nawilżające, ochronne",30
104,Biore,UV Aqua Rich Watery Gel SPF50+ PA++++ Krem - żel ochronny,,4.7,7,żel,normalna,"nawilżające, ochronne",50
105,Kolastyna,"Wet Skin, Spray do opalania 3 w 1 SPF 30 ",,4.7,3,płyn,normalna,ochronne,30
106,Eucerin,Actinic Control MD Fluid SPF100 Fluid przeciwsłoneczny,,5,1,krem,,"nawilżające, ochronne",100
107,Eco Cosmetics,Tonujący krem na słońce SPF30 - wysoka ochrona ,49.0,4.5,2,krem,,ochronne,30
108,Uriage,"Bariersun, Tinted Creme SPF50+ Tonujący krem ochronny z pigmentem",,5,1,krem,"normalna, tłusta",ochronne,50
109,Daylong,"Sensitive Face, Fluide Regulatuer SPF 50+ Fluid do opalania twarzy SPF 50+",,5,1,krem,normalna,ochronne,50
110,Korres,Citrus Active Sunscreen Face Cream SPF 30 Krem do opalania twarzy SPF 30,,5,1,krem,"normalna, wrażliwa, z przebarwieniami","nawilżające, ochronne, łagodzące",30
111,Clarins,"Sun Wrinkle Control, Cream for Face SPF 50+ Przeciwzmarszczkowy krem do opalania twarzy SPF 50",,4.3,3,krem,z przebarwieniami,"ochronne, nawilżające, przeciwzmarszczkowe",50
112,Empire Pharma,"Mesoboost, Sun Protection Bloc Cream PA++ & SPF 50+ Krem ochronny",,5,1,krem,"normalna, wrażliwa, z przebarwieniami",ochronne,50
113,SVR,Defense Anti-Age Creme SPF 30 Kuracja anti-aging krem z 5% wit. C i komórkami macierzystymi SPF30 - wysoka ochrona,,4.3,3,krem,,"nawilżające, ochronne, łagodzące, regenerujące",30
114,rom&nd,Zero Sun Clean SPF50+ PA++++ Krem przeciwsłoneczny do twarzy,,5,1,krem,"normalna, sucha, tłusta, z przebarwieniami","ochronne, regenerujące, nawilżające",50
115,Ziaja,"Sopot Sun, Krem do opalania do cery fotowrażliwej SPF 25 - średnia ochrona (nowa wersja) ",15.99,4.5,11,krem,wrażliwa,"ochronne, nawilżające",25
116,Nivea,UV  Gesicht Sensitiv Beruhig Empfandliche Haut SPF 50 Nietłusty nawilżający krem z filtrem ochronnym SPF 50 do skóry wrażliwej,,4.8,4,krem,wrażliwa,"nawilżające, ochronne, łagodzące",50
117,Some by MI,Yuja Niacin Brightening Sunscreen SPF50+/PA++++ Krem przeciwsłoneczny,,5,2,krem,"normalna, tłusta, z przebarwieniami",ochronne,50
118,Piz Buin,Moisturising Radiant Face Cream SPF 15 Krem do twarzy - niska ochrona,,4.3,6,krem,"normalna, sucha, tłusta","nawilżające, ochronne, regenerujące",15
119,Holika Holika,"Aloe, Ice Cooling Spray SPF50+ (Nawilżająco chłodzący spray przeciwsłoneczny) ",99.94,4.6,5,,normalna,"nawilżające, ochronne, łagodzące",50
120,Banobagi,Milk Thistle Repair Sunscreen SPF 50+ PA +++ Krem naprawczy z ostropestem,,5,1,krem,"normalna, sucha","nawilżające, ochronne, regenerujące",50
121,Empire Pharma,"Bloc UVA & UVB, Sun Protection Cream PA ++ SPF 50+ Krem chroniący przed szkodliwym działaniem promieni słonecznych",,5,1,krem,"normalna, wrażliwa, tłusta, z przebarwieniami",ochronne,50
122,Apis,"Hello Summer, Krem do opalania twarzy z nektarem komórkowym SPF 30 ",,5,2,krem,"normalna, sucha","nawilżające, ochronne",30
123,La Roche-Posay,"Anthelios, UV Mune Hydrating Cream SPF50+ Krem nawilżająco-ochronny do twarzy SPF50+",81.52,4.9,8,krem,"normalna, wrażliwa, sucha","nawilżające, ochronne",50
124,Sensum Mare Dermocosmetics,"Algodrops, Anti-Photoaging Protective Face Drops SPF 50 ( Innowacyjne krople ochronne przeciw fotostarzeniu SPF 50 UVB UVA PA++++ HEV/IR) (stara wersja)",152.99,4.6,16,krem,"normalna, sucha, z przebarwieniami","nawilżające, ochronne, regenerujące",50
125,Bell,"Surf Stick, Kieszonkowy sztyft przeciwsłoneczny SPF 50+ ",30.49,5,1,,,ochronne,50
126,Lirene Dermoprogram,"Sun Natura, Naturalna emulsja ochronna do twarzy i ciała SPF 50 ",41.99,4.3,24,emulsja,"normalna, wrażliwa",ochronne,50
127,Piz Buin,"Mountain Suncare, Mountain Ultra Protection SPF 50+ Krem do twarzy",,4.3,4,krem,,"nawilżające, matujące, ochronne",50
128,Naobay,"Detox, Sun Shield Cream SPF 30 Krem  przeciwsłoneczny SPF 30",,5,1,krem,normalna,"ochronne, odżywcze, nawilżające",30
129,Aubrey Organics,"Natural Sun, Green Tea Sunscreen Unscented SPF 30+ Krem z filtrem SPF 30+ - wysoka ochrona",,5,1,krem,,"ochronne, regenerujące",30
130,Dr. G,"Sun, Green Mild Up SPF 50+ PA++++ Krem przeciwsłoneczny",,5,2,krem,"normalna, naczynkowa","ochronne, nawilżające",50
131,Uriage,Hyséac Fluide SPF 50+ Fluid przeciwsłoneczny do skóry trądzikowej  matujący,50.08,5,3,krem,"normalna, tłusta, trądzikowa","matujące, ochronne, nawilżające",50
132,Iwostin,"Solecrin Purritin, Lekki fluid matujący SPF 50+ ",59.99,4.5,11,krem,"tłusta, trądzikowa","ochronne, matujące",50
133,Apivita,"Suncare, Antispot Face Cream SPF 50 Krem ochronny z filtrem SPF 50",,5,1,krem,z przebarwieniami,"nawilżające, ochronne, regenerujące",50
134,Senelle,Lekki ochronny krem bez pigmentu SPF50+ ,,4,6,krem,"normalna, z przebarwieniami","ochronne, nawilżające",50
135,Kolastyna,Emulsja do opalania SPF 30 wodoodporna ,,4.6,5,emulsja,"normalna, z przebarwieniami","ochronne, nawilżające",30
136,DermaQuest Skin Therapy,ZinClear SPF 30 Nawilżający krem ochronny z cynkiem SPF 30,,5,1,krem,"trądzikowa, z przebarwieniami","matujące, ochronne, regenerujące, nawilżające",30
137,Cell Fusion C,MediSpa Sunblock SPF 47/PA+++ Filtr przeciwsłoneczny do każdego typu cery,,5,1,krem,"normalna, sucha, tłusta, trądzikowa, z przebarwieniami","ochronne, odżywcze, nawilżające",47
138,Jan Marini,Marini Physical Protectant Tinted SPF 45 Krem ochronny koloryzujący SPF 45,,4.8,6,krem,"normalna, sucha, wrażliwa, do wszystkich typów skóry","ochronne, łagodzące, koloryzujące",45
139,Pharmaceris,"S, Capilar & Protect, Krem ochronny dla skóry naczynkowej i z trądzikiem różowatym SPF 50+ ",56.99,4.1,16,krem,"wrażliwa, naczynkowa, trądzikowa",ochronne,50
140,Bioderma,Photoderm Spray SPF 50+ Lekki spray do ciała,65.99,4.5,15,krem,"wrażliwa, sucha","nawilżające, ochronne",50
141,SkinCeuticals,Ultra Facial Defense SPF 50 Nawilżający krem przeciwsłoneczny,178.0,4.7,3,krem,,"nawilżające, ochronne, regenerujące",50
142,Eau Thermale Avène,Sun Fluide SPF50+ Ultra Light Fluid ochronny do twarzy,,4.7,3,krem,"normalna, wrażliwa, tłusta, z przebarwieniami","nawilżające, ochronne, regenerujące",50
143,Derma,"Sun, Face Sun Lotion SPF 50 Krem do twarzy SPF 50",68.99,4.4,108,krem,"wrażliwa, sucha, atopowa","ochronne, nawilżające",50
144,Eau Thermale Avène,"Sun, Krem anti-aging bardzo wysoka ochrona przeciwsłoneczna SPF 50+ ",,4.4,5,krem,normalna,ochronne,50
145,Tocobo,Bio Watery Sun Cream SPF50+ PA++++ Wegański krem ochronny,75.99,4.8,9,krem,"wrażliwa, sucha, tłusta","nawilżające, ochronne, łagodzące, regenerujące, odżywcze",50
146,Sensai,"Silky Bronze, Cellular Protective Cream For Face SPF50 Krem ochronny przeciwstarzeniowy SPF 50",,5,2,krem,normalna,ochronne,50
147,Iwostin,Emulsja ochronna SPF 50+ (nowa wersja) ,56.99,5,3,krem,"normalna, wrażliwa","nawilżające, ochronne, łagodzące",50
148,La Roche-Posay,Cicaplast Baume B5 SPF 50 Balsam łagodząco - odnawiający (nowa wersja),59.17,3.4,8,krem,"normalna, z przebarwieniami","nawilżające, ochronne, regenerujące",50
149,Sun Balance,Nawilżający ochronny krem do twarzy SPF50 ,,5,1,krem,normalna,"nawilżające, ochronne",50
150,Floslek,"Sun Care, Krem ochronny przeciwzmarszczkowy SPF30 ",,4.5,2,krem,"normalna, z przebarwieniami","ochronne, przeciwzmarszczkowe, nawilżające",30
151,SKIN79,Perfect UV Protection SPF50+ PA+++ Sun Cream Krem ochronny z filtrem SPF 50,,4.9,7,krem,wrażliwa,"nawilżające, ochronne, regenerujące",50
152,Dax Sun,"Majorka, Emulsja do opalania o zapachu owoców egzotycznych SPF 15 ",,4.5,8,emulsja,normalna,"nawilżające, ochronne",15
153,Vichy,Capital Soleil Lait Multi-Protection SPF50 Mleczko do ciała,,5,2,krem,wrażliwa,"nawilżające, ochronne",50
154,Laboratorium Kosmetyczne AVA,"Skin Protection, Face Cream SPF 50 No Whitening Effect Krem do twarzy bez efektu bielenia",35.99,3.8,13,krem,normalna,"ochronne, nawilżające",50
155,Sesderma,Repaskin Fluido Invisible SPF 50 Lekki fluid ochronny SPF 50,117.0,4.6,16,krem,normalna,ochronne,50
156,Floslek,"Sun Care, Family, Krem ochronny do opalania SPF30 - wysoka ochrona ",,5,2,krem,"normalna, wrażliwa, z przebarwieniami",ochronne,30
157,Nivea,"Sun, Shine Control UV Face SPF 30 Mattifying Effect (Krem do twarzy matujący z filtrami UV SPF 30) ",43.0,4.5,26,krem,normalna,matujące,30
158,Badger,SPF 15 Lightly Scented Sunscreen Delikatnie perfumowany filtr przeciwsłoneczny SPF 15 - niska ochrona,,5,1,krem,,"nawilżające, ochronne",15
159,Innisfree,Daily UV Protection Cream Mild SPF 35 PA++ Krem z filtrem przeciwsłonecznym,,5,1,krem,normalna,"nawilżające, ochronne",35
160,TopCare,Broad Spectrum UV Protection SPF 15 Oil Of Beauty Lotion For Face With Sunscreen Balsam ochronny  do pielęgnacji twarzy z filtrem przeciwsłonecznym,,5,1,krem,normalna,ochronne,15
161,Clinique,SPF50 Mineral Sunscreen Fluid For Face Emulsja przeciwsłoneczna do twarzy,115.99,5,2,,,ochronne,50
162,Ziaja,"Sopot Sun, Antyoksydacyjny krem z witaminą C SPF 50+ ",21.99,3.9,58,krem,"wrażliwa, sucha, z przebarwieniami","nawilżające, ochronne, łagodzące",50
163,Cetaphil,UVA/UVB Defense Facial Moisturizer SPF50 Emulsja nawilżająca do twarzy,,5,1,krem,,"nawilżające, ochronne, łagodzące",50
164,Hawaiian Tropic,Protective Sun Spray Lotion SPF 15 Lotion do opalania w sprayu - niska ochrona,,4.5,2,krem,,"nawilżające, ochronne",15
165,Ziaja,"Sopot Sun, Preparat na usta i znamiona SPF 30 ",,4.6,7,,"normalna, wrażliwa, tłusta","ochronne, nawilżające",30
166,Missha,All Around Safe Block Daily Sun SPF50+ PA++++ Wodoodporny krem z filtrem SPF50,,5,1,krem,normalna,"ochronne, nawilżające",50
167,Bella Aurora,Protector Solar SPF50 Krem ochronny z filtrem do cery mieszanej i tłustej,,4.6,14,krem,"normalna, z przebarwieniami","ochronne, nawilżające",50
168,A'pieu,Pure Block Natural Daily Sun Cream SPF45 PA+++ Krem z filtrem przeciwsłonecznym,60.99,4.6,5,krem,normalna,ochronne,45
169,Vichy,"Capital Soleil, UV-Clear Fluide Anti-Imperfections SPF 50 Fluid przeciw niedoskonałościom SPF 50",103.99,5,6,krem,"normalna, tłusta, trądzikowa, z przebarwieniami","nawilżające, matujące, ochronne",50
170,Iwostin,"Solecrin, Lekki krem ochronny  SPF 30+ ",52.99,4.3,3,krem,normalna,ochronne,30
171,Supergoop,Glow Screen Sunscreen SPF 30 Krem przeciwsłoneczny,99.0,4.6,5,krem,normalna,"nawilżające, ochronne, odżywcze",30
172,Etude,Sunprise Mild Airy Finish SPF50+/PA+++ Fluid do twarzy SPF 50,,4.5,11,,normalna,"nawilżające, ochronne",50
173,Gruum,Skyda Daily Defence Lotion SPF 50 Nawilżający balsam do twarzy z SPF 50,,5,1,krem,"normalna, alergiczna, wrażliwa","nawilżające, ochronne",50
174,The Inkey List,Zinc Moisturizing Cream SPF 50 Krem nawilżający SPF 50,,4.5,2,krem,normalna,"ochronne, nawilżające",50
175,Oriflame,"NovAge Day Shield, Advenced Skin Protector SPF 50 Ochronny krem na dzień",,4.6,10,krem,"normalna, z przebarwieniami",ochronne,50
176,Madara Organic Skincare,Plant Stem Cell Ultra Shield  Sunscreen SPF50 Mineralny krem z filtrem przeciwsłonecznym,,4.7,3,krem,"normalna, z przebarwieniami",ochronne,50
177,Le Cafe de Beaute,Creme Solaire SPF 30 Krem ochronny do opalania,,5,1,krem,normalna,nawilżające,30
178,Skin Aqua,Tone Up UV essence SPF 50+ PA ++++ Pink Krem z filtrem przeciwsłonecznym różowy,,5,1,żel,normalna,"ochronne, nawilżające",50
179,Zenova Suncare,Sun Cream Protection Face Cream SPF 50 Krem przeciwsłoneczny do twarzy,,3,2,krem,normalna,"ochronne, łagodzące",50
180,Eva Sun,Balsam do opalania SPF 30 dla skóry wrażliwej ,,5,2,krem,wrażliwa,"nawilżające, ochronne, regenerujące",30
181,Bioderma,"Cicabio, SPF 50+ Naprawczy krem z filtrem zapobiegający hiperpigmentacji i powstawaniu blizn",,4.7,11,krem,"sucha, tłusta, z przebarwieniami","nawilżające, ochronne, regenerujące",50
182,Dottore Cosmeceutici,"City Sun, Protective Face Cream SPF 50+ Krem przeciwsłoneczny",,4.4,5,krem,normalna,"ochronne, nawilżające",50
183,Esta Cosmetics,UV Shield Gel SPF 50+ Żel przeciwsłoneczny,,5,1,żel,normalna,"ochronne, nawilżające",50
184,Kose,Suncut Tone Up UV Essence SPF 50+ PA++++ Lavender Krem z filtrem przeciwsłonecznym lawendowy,,5,1,krem,normalna,"ochronne, nawilżające",50
185,SkinCeuticals,Sheer Mineral UV Defence SPF 50 Krem ochronny do twarzy - filtr mineralny,236.25,4.3,6,krem,"wrażliwa, z przebarwieniami","nawilżające, ochronne",50
186,Sesderma,Repaskin Dry Touch Facial Sunscreen SPF50 Krem ochronny SPF50 (nowa wersja),,4,4,krem,"normalna, wrażliwa, sucha","nawilżające, ochronne",50
187,Blumei,Jeju Moisture Aloe Vera Sun Cream SPF 50+PA+++ Krem przeciwsłoneczny do twarzy z ekstraktem z aloesu,,5,1,krem,normalna,ochronne,50
188,Alkmie,Sun Drops  SPF 50 2w1 ochrona przeciwsłoneczna i multiaktywne serum,131.0,5,2,,normalna,ochronne,50
189,Biotherm,Lait Solaire SPF 30 Ochronne mleczko do opalania SPF 30 - wysoka ochrona,,5,1,krem,wrażliwa,ochronne,30
190,Borntree,Berry Essence Sun Block SPF50/PA+++ Nawilżający krem przeciwsłoneczny,,4.8,5,krem,normalna,"ochronne, nawilżające",50
191,Supergoop,Unseen Sunscreen SPF 30 PA+++ Filtr przeciwsłoneczny,,4.5,2,żel,"normalna, wrażliwa, sucha",ochronne,30
192,Jantar,"Sun, Amber Moisturizing Face Cream SPF 50 Bursztynowy nawilżający krem do twarzy SPF50",26.45,3.8,5,krem,"normalna, wrażliwa, sucha","nawilżające, ochronne, łagodzące, regenerujące",50
193,Bielenda,"Bikini, Kokosowe mleczko do opalania SPF 50 ",,4.7,7,krem,"normalna, sucha, tłusta, z przebarwieniami","nawilżające, matujące, ochronne, łagodzące, regenerujące",50
194,Frezyderm,Sun Screen Velvet Face SPF50+ Krem przeciwsłoneczny SPF 50+,,5,2,krem,"wrażliwa, tłusta, trądzikowa, z przebarwieniami",ochronne,50
195,Lancaster,Sun Control Anti-Wrinkles & Dark Spots  SPF 50 Przeciwzmarszczkowy krem do opalania twarzy SPF 50,,5,1,krem,"normalna, wrażliwa, sucha","nawilżające, ochronne, przeciwzmarszczkowe",50
196,Supergoop,Matte Screen 100% Mineral Matte Sunscreen Primer SPF30 Filtr przeciwsłoneczny SPF 30 PA+++,,5,2,emulsja,"sucha, normalna, tłusta, wrażliwa","matujące, zwężające pory",30
197,The Face Shop,"Natural Sun, AQ Power Long - Lasting Sun Cream SPF45 PA+++ Krem ochronny z filtrem SPF 45 - wysoka ochrona",,4.5,2,krem,normalna,ochronne,45
198,Kolastyna,Emulsja do opalania SPF 15 UVB ,,4.3,3,emulsja,"normalna, wrażliwa, sucha","nawilżające, ochronne, łagodzące",15
199,Vichy,Capital Soleil Anti-Age 3in1 SPF 50 Przeciwstarzeniowy krem z filtrem spf 50,68.99,5,2,krem,"normalna, sucha, tłusta",ochronne,50
200,Bielenda,"Bikini, Kokosowa mgiełka do opalania twarz + włosy SPF 15 ",,5,5,krem,z przebarwieniami,"ochronne, nawilżające",15
201,SVR,Sensifine AR Creme SPf 50+ Krem ochronny SPF50 do skóry naczyniowej,97.99,4.5,6,krem,"wrażliwa, naczynkowa, trądzikowa",ochronne,50
202,Cantabria Labs,Heliocare Ultra Cream SPF 90 Krem przeciwsłoneczny,,5,1,krem,normalna,nawilżające,90
203,Bielenda,"Bikini, Ochronny krem do twarzy wodoodporny i chloroodporny SPF 50 `Soft Touch` ",,4.3,36,krem,"normalna, sucha, tłusta, z przebarwieniami","nawilżające, ochronne, łagodzące",50
204,Eucerin,"Sun, Oil Control Sun Gel Cream SPF 50+ Dry Touch Kremowy żel ochronny do twarzy SPF 50+",,4.8,23,krem,"normalna, tłusta, trądzikowa, z przebarwieniami",ochronne,50
205,Bielenda Professional,"Post Treatment Care, High Protection Face Cream SPF 50 PA ++ Krem do twarzy SPF 50",53.04,4.3,7,krem,"normalna, wrażliwa",ochronne,50
206,Garnier,"Sensitive Expert+ , Gesicht Super UV Fluid LSF 50+ [Ambre Solaire, Sensitive Advanced Face UV Face Fluid SPF50+] Ultralekki płynny filtr SPF50",40.5,4.7,55,krem,normalna,"ochronne, nawilżające",50
207,Cetaphil,"Suntivity, Lekki krem do twarzy SPF 30 ",,5,4,krem,normalna,"nawilżające, ochronne",30
208,Etude,Soonjung Director's Moisture Sun Cream SPF50+ PA++++ Nawilżający krem z filtrem przeciwsłonecznym,,5,2,krem,normalna,"ochronne, nawilżające",50
209,Bielenda,"Bikini, Lekkie mleczko do opalania SPF 50 ",54.95,4.3,3,mleczko,"normalna, sucha, tłusta, z przebarwieniami","nawilżające, ochronne",50
210,Eco Cosmetics,Sunmilk SPF 50 Łagodne mleczko przeciwsłoneczne,,5,2,krem,"normalna, wrażliwa, tłusta","ochronne, nawilżające",50
211,Aloha Care,Sun Stick SPF 50 Sztyft do twarzy,,5,3,,normalna,ochronne,50
212,Norel Dr Wilsz,"Skin Care, Face Cream UV Protection SPF 30 Krem półtłusty ochronny SPF 30+",,5,2,krem,"normalna, z przebarwieniami","nawilżające, ochronne",30
213,Pharmaceris,"S Słońce, Sensi-Protect, Codzienna emulsja ochronna do twarzy i okolic oczu SPF 50+ UVB/PPD 50 UVA/ ",58.99,4,23,krem,"wrażliwa, sucha, tłusta, alergiczna","nawilżające, ochronne, łagodzące, regenerujące",50
214,Eubiona,Sun Cream Sheabutter - Pomegranate UVA / UVB 20 Krem z filtrem przeciwsłonecznym SPF 20 - średnia ochrona,,5,1,krem,"normalna, sucha",ochronne,20
215,Piz Buin,"Ultra Light, Dry Touch Sun Fluid SPF 30 Fluid suchy w dotyku SPF 30",27.6,5,2,krem,"wrażliwa, tłusta","nawilżające, ochronne",30
216,Caudalie,"Soleil Divin, Soin Solaire Visage Anti-Age SPF 30 Przeciwzmarszczkowy krem przeciwsłoneczny",,5,1,krem,"normalna, wrażliwa, sucha","nawilżające, ochronne, przeciwzmarszczkowe",30
217,Evy,Daily Defense Face Mousse SPF50 Ochronna pianka do twarzy,,4.3,3,pianka,"normalna, wrażliwa, tłusta, z przebarwieniami",ochronne,50
218,Missha,"All Around Safe Block, Total Moisture Sun Gel SPF30/PA+++ Nawilżający i odświeżający żel przeciwsłoneczny",,5,1,żel,"normalna, sucha, tłusta","nawilżające, ochronne, odżywcze",30
219,L'Oreal Paris,"Sublime Sun, Invisilight Ultra-Light Face Lotion SPF 50+ Ultra-lekki lotion przeciwsłoneczny",,5,1,krem,normalna,ochronne,50
220,La Roche-Posay,"Anthelios, Ultra Resistant Invisible Fluid SPF 30 Ultralekki fluid do twarzy z SPF 30",,5,3,krem,"normalna, tłusta","ochronne, nawilżające",30
221,Eau Thermale Avène,Sun Care Very High Protection Mineral Cream SPF 50+ Krem do opalania 50+,,4.5,2,krem,"normalna, wrażliwa, alergiczna","nawilżające, ochronne",50
222,DCL,Super Sheer Sunscreen SPF 50 Super gładki ekran przeciwsłoneczny SPF 50,,5,2,krem,,ochronne,50
223,Istituto Ganassini,"Sun System, Velvet Cream SPF 50+ Nawilżający krem do twarzy",,5,1,krem,"normalna, sucha","nawilżające, ochronne",50
224,GlySkinCare,Super Sunblock SPF 30 - wysoka ochrona ,11.99,5,1,krem,"normalna, sucha",ochronne,30
225,The Saem,"Eco Earth Power, Pink Sun Cream SPF50+ PA++++ Krem z wysokim filtrem przeciwsłonecznym",,5,1,krem,wrażliwa,"ochronne, nawilżające",50
226,Jan Marini,Antioxidant Daily Face Protectant SPF 30 Antyoksydacyjny krem ochronny SPF 30,,5,5,krem,"mieszana, normalna, sucha, tłusta","nawilżające, ochronne, regenerujące",30
227,Oriflame,"Sun Zone, UV Protector Face and Exposed Areas SPF 50 High Krem ochronny do twarzy i ciała",,5,2,krem,wrażliwa,"nawilżające, ochronne",50
228,Floslek,"Sun Care, Ochronny Stick SPF 50+ ",,5,4,,"normalna, wrażliwa, tłusta","ochronne, nawilżające",50
229,Carita,Progressif Anti-Age Solaire SPF 30 Nawilżający krem ochronny,,5,1,krem,"normalna, sucha, tłusta","nawilżające, ochronne",30
230,Dermedic,"Sunbrella, Krem ochronny do twarzy skóra sucha i normalna SPF 50+ ",34.95,4.6,32,krem,"normalna, sucha, alergiczna, wrażliwa","ochronne, nawilżające",50
231,Some by MI,UV Shield Daily Mild Suncream SPF50+ PA+++ Nawilżający krem z filtrem SPF50 PA+++,,5,2,krem,tłusta,"nawilżające, matujące, ochronne, przeciwzmarszczkowe",50
232,Ducray,Melascreen Sun Cream SPF 50+ Krem przeciwsłoneczny,,4.4,34,krem,"alergiczna, wrażliwa, z przebarwieniami",ochronne,50
233,Dr. Brandt,Liquid Sun Shield SPF 50 Broad Spectrum Mineralny filtr przeciwsłoneczny,,5,1,,"normalna, z przebarwieniami",ochronne,50
234,Beauty of Joseon,Relief Sun Rice Probiotics SPF50 + / PA ++++ Ochronny krem prebiotyczny z ekstraktem ryżowym,51.99,4.5,73,krem,"normalna, tłusta, trądzikowa","nawilżające, ochronne, regenerujące",50
235,Bioderma,"Photoderm M, Krem do skóry z tendencją do przebarwień SPF 50+ ",62.99,5,5,krem,"normalna, wrażliwa, sucha, z przebarwieniami","nawilżające, ochronne, matujące",50
236,Evy,Daily UV Face Mousse SPF 30 Pianka ochronna do twarzy,,5,1,pianka,"normalna, wrażliwa, tłusta, z przebarwieniami",ochronne,30
237,Shiseido,Expert Sun Aging Protection Cream Plus for Face SPF 50+ Krem ochronny do twarzy,164.99,4.7,3,krem,"normalna, z przebarwieniami",ochronne,50
238,Matis Paris,Reponse Soleil Anti-Age Creme Protection Solaire SPF 30 Krem do opalania do twarzy,,5,1,krem,normalna,"ochronne, nawilżające",30
239,Dax Sun,Balsam do opalania SPF 20 ,34.9,5,3,krem,"normalna, sucha, tłusta","nawilżające, ochronne",20
